03/06/23 21:56; Добавлена новая заметка
03/06/23 21:56; Information about Gryffindor
03/07/23 19:10; Добавлена новая заметка
03/07/23 19:12; Invalid value entered
03/07/23 19:12; Добавлена новая заметка
03/07/23 19:14; Invalid value entered
03/07/23 19:14; Добавлена новая заметка
03/07/23 19:15; Invalid value entered
03/07/23 19:15; Добавлена новая заметка
03/07/23 19:24; Invalid value entered
03/07/23 19:24; Добавлена новая заметка
03/07/23 19:29; Invalid value entered
03/07/23 19:29; Добавлена новая заметка
03/07/23 19:56; Добавлена новая заметка
03/07/23 19:57; Invalid value entered
03/07/23 19:57; Р”РѕР±Р°РІР»РµРЅР° РЅРѕРІР°СЏ Р·Р°РјРµС‚РєР°
03/07/23 19:58; Р”РѕР±Р°РІР»РµРЅР° РЅРѕРІР°СЏ Р·Р°РјРµС‚РєР°
03/07/23 20:07; Р”РѕР±Р°РІР»РµРЅР° РЅРѕРІР°СЏ Р·Р°РјРµС‚РєР°
03/07/23 20:17; РћС‚РєСЂС‹С‚ СЃРїРёСЃРѕРє Р·Р°РјРµС‚РѕРє
03/07/23 20:18; Addition a new student
03/07/23 20:40; РћС‚РєСЂС‹С‚ СЃРїРёСЃРѕРє Р·Р°РјРµС‚РѕРє
03/07/23 20:40; Invalid value entered
03/07/23 20:40; РћС‚РєСЂС‹С‚ СЃРїРёСЃРѕРє Р·Р°РјРµС‚РѕРє
03/07/23 20:40; Invalid value entered
03/07/23 20:42; РћС‚РєСЂС‹С‚ СЃРїРёСЃРѕРє Р·Р°РјРµС‚РѕРє
03/07/23 20:43; Invalid value entered
03/07/23 20:44; Р”РѕР±Р°РІР»РµРЅР° РЅРѕРІР°СЏ Р·Р°РјРµС‚РєР°
03/07/23 20:45; Р”РѕР±Р°РІР»РµРЅР° РЅРѕРІР°СЏ Р·Р°РјРµС‚РєР°
03/07/23 20:46; Invalid value entered
03/07/23 20:46; Р”РѕР±Р°РІР»РµРЅР° РЅРѕРІР°СЏ Р·Р°РјРµС‚РєР°
03/07/23 20:47; Р”РѕР±Р°РІР»РµРЅР° РЅРѕРІР°СЏ Р·Р°РјРµС‚РєР°
03/07/23 20:53; Р”РѕР±Р°РІР»РµРЅР° РЅРѕРІР°СЏ Р·Р°РјРµС‚РєР°
03/07/23 20:54; Р”РѕР±Р°РІР»РµРЅР° РЅРѕРІР°СЏ Р·Р°РјРµС‚РєР°
03/07/23 20:55; Р”РѕР±Р°РІР»РµРЅР° РЅРѕРІР°СЏ Р·Р°РјРµС‚РєР°
03/07/23 20:55; РћС‚РєСЂС‹С‚ СЃРїРёСЃРѕРє Р·Р°РјРµС‚РѕРє
03/07/23 20:57; Р”РѕР±Р°РІР»РµРЅР° РЅРѕРІР°СЏ Р·Р°РјРµС‚РєР°
03/07/23 20:57; РћС‚РєСЂС‹С‚ СЃРїРёСЃРѕРє Р·Р°РјРµС‚РѕРє
03/08/23 21:28; Р РµРґР°РєС‚РёСЂРѕРІР°РЅРёРµ Р·Р°РјРµС‚РєРё
03/08/23 21:42; Р”РѕР±Р°РІР»РµРЅР° РЅРѕРІР°СЏ Р·Р°РјРµС‚РєР°
03/08/23 21:42; Р”РѕР±Р°РІР»РµРЅР° РЅРѕРІР°СЏ Р·Р°РјРµС‚РєР°
03/08/23 21:49; РћС‚РєСЂС‹С‚ СЃРїРёСЃРѕРє Р·Р°РјРµС‚РѕРє
03/08/23 22:00; Р”РѕР±Р°РІР»РµРЅР° РЅРѕРІР°СЏ Р·Р°РјРµС‚РєР°
03/08/23 22:01; РћС‚РєСЂС‹С‚ СЃРїРёСЃРѕРє Р·Р°РјРµС‚РѕРє
03/08/23 22:01; Invalid value entered
03/08/23 22:01; Р”РѕР±Р°РІР»РµРЅР° РЅРѕРІР°СЏ Р·Р°РјРµС‚РєР°
03/08/23 22:01; РћС‚РєСЂС‹С‚ СЃРїРёСЃРѕРє Р·Р°РјРµС‚РѕРє
03/08/23 22:02; Р”РѕР±Р°РІР»РµРЅР° РЅРѕРІР°СЏ Р·Р°РјРµС‚РєР°
03/08/23 22:02; РћС‚РєСЂС‹С‚ СЃРїРёСЃРѕРє Р·Р°РјРµС‚РѕРє
03/08/23 22:03; Р”РѕР±Р°РІР»РµРЅР° РЅРѕРІР°СЏ Р·Р°РјРµС‚РєР°
03/08/23 22:03; РћС‚РєСЂС‹С‚ СЃРїРёСЃРѕРє Р·Р°РјРµС‚РѕРє
03/08/23 22:05; РћС‚РєСЂС‹С‚ СЃРїРёСЃРѕРє Р·Р°РјРµС‚РѕРє
03/08/23 22:16; Р”РѕР±Р°РІР»РµРЅР° РЅРѕРІР°СЏ Р·Р°РјРµС‚РєР°
03/08/23 22:17; Р”РѕР±Р°РІР»РµРЅР° РЅРѕРІР°СЏ Р·Р°РјРµС‚РєР°
03/08/23 22:17; РћС‚РєСЂС‹С‚ СЃРїРёСЃРѕРє Р·Р°РјРµС‚РѕРє
03/08/23 22:17; Р”РѕР±Р°РІР»РµРЅР° РЅРѕРІР°СЏ Р·Р°РјРµС‚РєР°
03/08/23 22:17; РћС‚РєСЂС‹С‚ СЃРїРёСЃРѕРє Р·Р°РјРµС‚РѕРє
03/08/23 22:17; Invalid value entered
03/08/23 22:21; РћС‚РєСЂС‹С‚ СЃРїРёСЃРѕРє Р·Р°РјРµС‚РѕРє
03/08/23 22:21; РЈРґР°Р»РµРЅРёРµ Р·Р°РјРµС‚РєРё
03/08/23 22:23; РЈРґР°Р»РµРЅРёРµ Р·Р°РјРµС‚РєРё
03/08/23 22:23; РћС‚РєСЂС‹С‚ СЃРїРёСЃРѕРє Р·Р°РјРµС‚РѕРє
03/08/23 22:26; РЈРґР°Р»РµРЅРёРµ Р·Р°РјРµС‚РєРё
03/08/23 22:26; РЈРґР°Р»РµРЅРёРµ Р·Р°РјРµС‚РєРё
03/08/23 22:27; Р”РѕР±Р°РІР»РµРЅР° РЅРѕРІР°СЏ Р·Р°РјРµС‚РєР°
03/08/23 22:27; Р”РѕР±Р°РІР»РµРЅР° РЅРѕРІР°СЏ Р·Р°РјРµС‚РєР°
03/08/23 22:28; РЈРґР°Р»РµРЅРёРµ Р·Р°РјРµС‚РєРё
03/08/23 22:28; РћС‚РєСЂС‹С‚ СЃРїРёСЃРѕРє Р·Р°РјРµС‚РѕРє
03/08/23 22:32; РћС‚РєСЂС‹С‚ СЃРїРёСЃРѕРє Р·Р°РјРµС‚РѕРє
03/08/23 22:32; РЈРґР°Р»РµРЅРёРµ Р·Р°РјРµС‚РєРё
03/08/23 22:50; РћС‚РєСЂС‹С‚ СЃРїРёСЃРѕРє Р·Р°РјРµС‚РѕРє
03/08/23 22:50; РЈРґР°Р»РµРЅРёРµ Р·Р°РјРµС‚РєРё
03/08/23 22:51; РЈРґР°Р»РµРЅРёРµ Р·Р°РјРµС‚РєРё
03/08/23 22:51; РЈРґР°Р»РµРЅРёРµ Р·Р°РјРµС‚РєРё
03/08/23 22:51; РЈРґР°Р»РµРЅРёРµ Р·Р°РјРµС‚РєРё
03/08/23 22:57; РЈРґР°Р»РµРЅРёРµ Р·Р°РјРµС‚РєРё
03/08/23 22:58; РЈРґР°Р»РµРЅРёРµ Р·Р°РјРµС‚РєРё
03/08/23 22:58; РЈРґР°Р»РµРЅРёРµ Р·Р°РјРµС‚РєРё
03/08/23 23:00; РћС‚РєСЂС‹С‚ СЃРїРёСЃРѕРє Р·Р°РјРµС‚РѕРє
03/08/23 23:00; РЈРґР°Р»РµРЅРёРµ Р·Р°РјРµС‚РєРё
03/08/23 23:00; РћС‚РєСЂС‹С‚ СЃРїРёСЃРѕРє Р·Р°РјРµС‚РѕРє
03/08/23 23:01; Р”РѕР±Р°РІР»РµРЅР° РЅРѕРІР°СЏ Р·Р°РјРµС‚РєР°
03/08/23 23:01; Р”РѕР±Р°РІР»РµРЅР° РЅРѕРІР°СЏ Р·Р°РјРµС‚РєР°
03/08/23 23:01; РћС‚РєСЂС‹С‚ СЃРїРёСЃРѕРє Р·Р°РјРµС‚РѕРє
03/08/23 23:01; РЈРґР°Р»РµРЅРёРµ Р·Р°РјРµС‚РєРё
03/08/23 23:01; РћС‚РєСЂС‹С‚ СЃРїРёСЃРѕРє Р·Р°РјРµС‚РѕРє
03/08/23 23:02; Р”РѕР±Р°РІР»РµРЅР° РЅРѕРІР°СЏ Р·Р°РјРµС‚РєР°
03/08/23 23:03; Invalid value entered
03/08/23 23:03; Invalid value entered
03/08/23 23:04; РћС‚РєСЂС‹С‚ СЃРїРёСЃРѕРє Р·Р°РјРµС‚РѕРє
03/08/23 23:04; Р”РѕР±Р°РІР»РµРЅР° РЅРѕРІР°СЏ Р·Р°РјРµС‚РєР°
03/08/23 23:04; РћС‚РєСЂС‹С‚ СЃРїРёСЃРѕРє Р·Р°РјРµС‚РѕРє
03/08/23 23:04; Р”РѕР±Р°РІР»РµРЅР° РЅРѕРІР°СЏ Р·Р°РјРµС‚РєР°
03/08/23 23:04; РћС‚РєСЂС‹С‚ СЃРїРёСЃРѕРє Р·Р°РјРµС‚РѕРє
03/08/23 23:05; РЈРґР°Р»РµРЅРёРµ Р·Р°РјРµС‚РєРё
03/08/23 23:05; РЈРґР°Р»РµРЅРёРµ Р·Р°РјРµС‚РєРё
03/08/23 23:38; РЈРґР°Р»РµРЅРёРµ Р·Р°РјРµС‚РєРё
03/08/23 23:39; РћС‚РєСЂС‹С‚ СЃРїРёСЃРѕРє Р·Р°РјРµС‚РѕРє
03/08/23 23:39; РЈРґР°Р»РµРЅРёРµ Р·Р°РјРµС‚РєРё
03/08/23 23:39; РЈРґР°Р»РµРЅРёРµ Р·Р°РјРµС‚РєРё
03/08/23 23:40; РЈРґР°Р»РµРЅРёРµ Р·Р°РјРµС‚РєРё
03/08/23 23:42; РЈРґР°Р»РµРЅРёРµ Р·Р°РјРµС‚РєРё
03/09/23 21:12; РЈРґР°Р»РµРЅРёРµ Р·Р°РјРµС‚РєРё
03/09/23 21:19; РћС‚РєСЂС‹С‚ СЃРїРёСЃРѕРє Р·Р°РјРµС‚РѕРє
03/09/23 21:19; РЈРґР°Р»РµРЅРёРµ Р·Р°РјРµС‚РєРё
03/09/23 21:19; РћС‚РєСЂС‹С‚ СЃРїРёСЃРѕРє Р·Р°РјРµС‚РѕРє
03/09/23 21:20; РЈРґР°Р»РµРЅРёРµ Р·Р°РјРµС‚РєРё
03/09/23 21:20; РЈРґР°Р»РµРЅРёРµ Р·Р°РјРµС‚РєРё
03/09/23 21:20; РЈРґР°Р»РµРЅРёРµ Р·Р°РјРµС‚РєРё
03/09/23 21:21; РћС‚РєСЂС‹С‚ СЃРїРёСЃРѕРє Р·Р°РјРµС‚РѕРє
03/09/23 21:25; РћС‚РєСЂС‹С‚ СЃРїРёСЃРѕРє Р·Р°РјРµС‚РѕРє
03/09/23 21:40; Р РµРґР°РєС‚РёСЂРѕРІР°РЅРёРµ Р·Р°РјРµС‚РєРё
03/09/23 21:42; РЈРґР°Р»РµРЅРёРµ Р·Р°РјРµС‚РєРё
03/09/23 21:45; Р РµРґР°РєС‚РёСЂРѕРІР°РЅРёРµ Р·Р°РјРµС‚РєРё
03/09/23 21:45; Р РµРґР°РєС‚РёСЂРѕРІР°РЅРёРµ Р·Р°РјРµС‚РєРё
03/09/23 21:45; РћС‚РєСЂС‹С‚ СЃРїРёСЃРѕРє Р·Р°РјРµС‚РѕРє
03/09/23 21:46; Р РµРґР°РєС‚РёСЂРѕРІР°РЅРёРµ Р·Р°РјРµС‚РєРё
03/09/23 21:46; РћС‚РєСЂС‹С‚ СЃРїРёСЃРѕРє Р·Р°РјРµС‚РѕРє
03/09/23 21:49; Р РµРґР°РєС‚РёСЂРѕРІР°РЅРёРµ Р·Р°РјРµС‚РєРё
03/09/23 21:50; РћС‚РєСЂС‹С‚ СЃРїРёСЃРѕРє Р·Р°РјРµС‚РѕРє
03/09/23 21:52; Р РµРґР°РєС‚РёСЂРѕРІР°РЅРёРµ Р·Р°РјРµС‚РєРё
03/09/23 21:52; Р РµРґР°РєС‚РёСЂРѕРІР°РЅРёРµ Р·Р°РјРµС‚РєРё
03/09/23 21:53; РћС‚РєСЂС‹С‚ СЃРїРёСЃРѕРє Р·Р°РјРµС‚РѕРє
03/09/23 21:53; РЈРґР°Р»РµРЅРёРµ Р·Р°РјРµС‚РєРё
03/09/23 21:54; Р РµРґР°РєС‚РёСЂРѕРІР°РЅРёРµ Р·Р°РјРµС‚РєРё
03/09/23 21:54; РћС‚РєСЂС‹С‚ СЃРїРёСЃРѕРє Р·Р°РјРµС‚РѕРє
03/09/23 21:55; Р РµРґР°РєС‚РёСЂРѕРІР°РЅРёРµ Р·Р°РјРµС‚РєРё
03/09/23 21:59; Р РµРґР°РєС‚РёСЂРѕРІР°РЅРёРµ Р·Р°РјРµС‚РєРё
03/09/23 22:00; РћС‚РєСЂС‹С‚ СЃРїРёСЃРѕРє Р·Р°РјРµС‚РѕРє
03/09/23 22:09; Р”РѕР±Р°РІР»РµРЅР° РЅРѕРІР°СЏ Р·Р°РјРµС‚РєР°
03/09/23 22:09; Р РµРґР°РєС‚РёСЂРѕРІР°РЅРёРµ Р·Р°РјРµС‚РєРё
03/09/23 22:10; РћС‚РєСЂС‹С‚ СЃРїРёСЃРѕРє Р·Р°РјРµС‚РѕРє
03/09/23 22:11; Р РµРґР°РєС‚РёСЂРѕРІР°РЅРёРµ Р·Р°РјРµС‚РєРё
03/09/23 22:12; РћС‚РєСЂС‹С‚ СЃРїРёСЃРѕРє Р·Р°РјРµС‚РѕРє
